,loss,accuracy,val_loss,val_accuracy
0,1.2379238605499268,0.49161598086357117,1.1608713865280151,0.4966622292995453
1,0.9961919784545898,0.6099940538406372,0.8120101094245911,0.6658878326416016
2,0.727842390537262,0.733677089214325,0.6474832892417908,0.7696928977966309
3,0.6146613955497742,0.7865410447120667,0.5539968609809875,0.8114151954650879
4,0.5411355495452881,0.8117673397064209,0.4975682497024536,0.8200934529304504
5,0.48885101079940796,0.8247885704040527,0.444783478975296,0.8387850522994995
6,0.44842785596847534,0.8422243595123291,0.4160027801990509,0.842456579208374
7,0.4247344434261322,0.8480857610702515,0.39361417293548584,0.8531374931335449
8,0.4067969024181366,0.8524261713027954,0.4120807349681854,0.8461281657218933
9,0.38681355118751526,0.8605505228042603,0.36656349897384644,0.8618157505989075
10,0.3738875687122345,0.8635182976722717,0.35142508149147034,0.862817108631134
11,0.3569163978099823,0.8703813552856445,0.33789780735969543,0.8654873371124268
12,0.3465343713760376,0.8730894923210144,0.3251824975013733,0.8765019774436951
13,0.33342817425727844,0.8749814629554749,0.3107590079307556,0.8761682510375977
14,0.3310602605342865,0.8772072792053223,0.31062647700309753,0.878170907497406
15,0.3188755214214325,0.8803976774215698,0.2943936586380005,0.8778371214866638
16,0.3127193748950958,0.882623553276062,0.2908521592617035,0.8791722059249878
17,0.30225643515586853,0.8877800703048706,0.27837178111076355,0.8811749219894409
18,0.2956586182117462,0.8878913521766663,0.27740341424942017,0.8828437924385071
19,0.2886544466018677,0.8904511332511902,0.2631567418575287,0.8958611488342285
20,0.2827604413032532,0.8930108547210693,0.25820261240005493,0.898197591304779
21,0.2764352858066559,0.8958673477172852,0.2520724833011627,0.8985313773155212
22,0.27659282088279724,0.892936646938324,0.2525564134120941,0.8868491053581238
23,0.26564517617225647,0.8969060778617859,0.24647201597690582,0.8985313773155212
24,0.26115748286247253,0.9008383750915527,0.25101664662361145,0.8998664617538452
25,0.27104225754737854,0.8956447839736938,0.2784847617149353,0.8921895623207092
26,0.2595875859260559,0.9007270932197571,0.24290111660957336,0.9035380482673645
27,0.2576928734779358,0.9014319777488708,0.2385895997285843,0.9085447192192078
28,0.2530171573162079,0.9025819897651672,0.24864819645881653,0.901201605796814
29,0.24635477364063263,0.9041029810905457,0.2438158541917801,0.9028704762458801
30,0.2438056766986847,0.9052901268005371,0.22381004691123962,0.9132176041603088
31,0.2423495352268219,0.9051787853240967,0.2190173864364624,0.9112149477005005
32,0.23958657681941986,0.9073675870895386,0.22666041553020477,0.9028704762458801
33,0.23939380049705505,0.9074046611785889,0.2180255800485611,0.9142189621925354
34,0.2407417893409729,0.9052159190177917,0.21296115219593048,0.9205607771873474
35,0.23334771394729614,0.9094821214675903,0.2227652370929718,0.9162216186523438
36,0.23361897468566895,0.9093708395957947,0.2038266360759735,0.9148865342140198
37,0.2260962426662445,0.9112256765365601,0.2022719532251358,0.9142189621925354
38,0.22289124131202698,0.9113370180130005,0.20736145973205566,0.9162216186523438
39,0.22412922978401184,0.9111143946647644,0.20073945820331573,0.9232309460639954
40,0.2193387746810913,0.9140822291374207,0.19438524544239044,0.9238985180854797
41,0.21470406651496887,0.9159741997718811,0.1989687979221344,0.9205607771873474
42,0.21797455847263336,0.9146015644073486,0.20973093807697296,0.913551390171051
43,0.21194523572921753,0.9165306687355042,0.19227956235408783,0.9262349605560303
44,0.2129950374364853,0.9150838255882263,0.1924838125705719,0.9255674481391907
45,0.2130526304244995,0.9132289886474609,0.1911928504705429,0.9322429895401001
46,0.20779888331890106,0.9189419746398926,0.19306866824626923,0.9172229766845703
47,0.20975038409233093,0.9174209833145142,0.19812533259391785,0.9172229766845703
48,0.20819859206676483,0.9188306927680969,0.19637055695056915,0.9269025325775146
49,0.2067973017692566,0.9170500040054321,0.18404634296894073,0.9379172325134277
50,0.20783694088459015,0.9162709712982178,0.18585465848445892,0.9322429895401001
51,0.2146023064851761,0.9124498963356018,0.19645939767360687,0.921228289604187
52,0.20258456468582153,0.9193500280380249,0.18089205026626587,0.9285714030265808
53,0.20227135717868805,0.919572651386261,0.18767517805099487,0.9282376766204834
54,0.20063982903957367,0.9207968711853027,0.18726713955402374,0.9295727610588074
55,0.19955259561538696,0.9213904142379761,0.17943942546844482,0.9412550330162048
56,0.19525526463985443,0.9226888418197632,0.1925559788942337,0.9242323040962219
57,0.1985287368297577,0.9209823608398438,0.19013695418834686,0.919893205165863
58,0.2041228860616684,0.9172725677490234,0.17696848511695862,0.9332443475723267
59,0.19252236187458038,0.9228371977806091,0.17552517354488373,0.9382510185241699
60,0.19248907268047333,0.9233936667442322,0.1756712794303894,0.9222296476364136
61,0.19976399838924408,0.9212791323661804,0.18090131878852844,0.9155540466308594
62,0.18910856544971466,0.9259533882141113,0.17345313727855682,0.9382510185241699
63,0.19118531048297882,0.9238759279251099,0.17549486458301544,0.9419225454330444
64,0.19028940796852112,0.9249517917633057,0.1812279224395752,0.9222296476364136
65,0.192563995718956,0.924655020236969,0.17200246453285217,0.936582088470459
66,0.18483039736747742,0.9262872934341431,0.16774335503578186,0.9399198889732361
67,0.1863131821155548,0.9256937503814697,0.17743471264839172,0.9215620756149292
68,0.185708686709404,0.9273630976676941,0.16481715440750122,0.9322429895401001
69,0.18290551006793976,0.9281421303749084,0.1839398592710495,0.9259011745452881
70,0.18136802315711975,0.9301454424858093,0.1650192141532898,0.9435914754867554
71,0.18109050393104553,0.9292550683021545,0.16263478994369507,0.9455941319465637
72,0.18392962217330933,0.9274743795394897,0.16342990100383759,0.942923903465271
73,0.18316973745822906,0.9273260235786438,0.1656324863433838,0.9355807900428772
74,0.17851698398590088,0.9296631813049316,0.17075976729393005,0.9285714030265808
75,0.17892631888389587,0.9305164217948914,0.1657860279083252,0.9302403330802917
76,0.18031619489192963,0.9278453588485718,0.1588221937417984,0.9419225454330444
77,0.17578274011611938,0.9324083924293518,0.1640261560678482,0.9409212470054626
78,0.17857439815998077,0.9310728311538696,0.18318746984004974,0.9168891906738281
79,0.18701018393039703,0.9260275959968567,0.18344047665596008,0.9342456459999084
80,0.18076065182685852,0.930256724357605,0.155765563249588,0.9479305744171143
81,0.17572198808193207,0.931518018245697,0.18218845129013062,0.935247004032135
82,0.17849169671535492,0.9292550683021545,0.1554540991783142,0.9485981464385986
83,0.1735236644744873,0.9335212707519531,0.155612051486969,0.9492656588554382
84,0.172328382730484,0.9324083924293518,0.16114701330661774,0.942923903465271
85,0.17444351315498352,0.9311841726303101,0.15856777131557465,0.9472630023956299
86,0.17070834338665009,0.9325196743011475,0.1694687306880951,0.9359145760536194
87,0.17418596148490906,0.9330019354820251,0.15406091511249542,0.9449265599250793
88,0.17307636141777039,0.9334841966629028,0.157105952501297,0.9412550330162048
89,0.16916918754577637,0.9342632293701172,0.15162046253681183,0.9472630023956299
90,0.17126472294330597,0.9342261552810669,0.15751579403877258,0.9419225454330444
91,0.16956466436386108,0.9345229268074036,0.1546829342842102,0.9479305744171143
92,0.16896171867847443,0.9343374371528625,0.1617622673511505,0.9409212470054626
93,0.17198312282562256,0.9324454665184021,0.15463918447494507,0.9412550330162048
94,0.17059169709682465,0.9337809681892395,0.15327546000480652,0.9419225454330444
95,0.16855551302433014,0.9356358647346497,0.14955484867095947,0.9455941319465637
96,0.16968318819999695,0.9333357810974121,0.1574711948633194,0.9392523169517517
97,0.16849122941493988,0.9351164698600769,0.15337637066841125,0.9439252614974976
98,0.17071710526943207,0.9330761432647705,0.15721234679222107,0.9342456459999084
99,0.16583757102489471,0.9374536275863647,0.14978845417499542,0.9452603459358215
100,0.16927240788936615,0.9334099888801575,0.14833925664424896,0.9465954899787903
101,0.1688869446516037,0.9355987310409546,0.1517300009727478,0.9449265599250793
102,0.1646612584590912,0.935895562171936,0.15808017551898956,0.9329105615615845
103,0.16376493871212006,0.9361552000045776,0.1580405831336975,0.942923903465271
104,0.1676909178495407,0.9346342086791992,0.1486082673072815,0.9482643604278564
105,0.1614299714565277,0.9374165534973145,0.15586400032043457,0.9432576894760132
106,0.17203648388385773,0.9319261312484741,0.1496649980545044,0.9509345889091492
107,0.16219297051429749,0.9362664818763733,0.15310336649417877,0.9432576894760132
108,0.16062770783901215,0.9384181499481201,0.16037608683109283,0.942923903465271
109,0.16356150805950165,0.936785876750946,0.1539326012134552,0.9389185309410095
110,0.16327208280563354,0.9377875328063965,0.1526002138853073,0.9459279179573059
111,0.1587967574596405,0.9377875328063965,0.1413525640964508,0.9482643604278564
112,0.15811648964881897,0.9396423697471619,0.13975723087787628,0.9482643604278564
113,0.16007252037525177,0.937305212020874,0.14211097359657288,0.950600802898407
114,0.162632018327713,0.9363036155700684,0.14755697548389435,0.9449265599250793
115,0.16105370223522186,0.9368229508399963,0.14448291063308716,0.9492656588554382
116,0.15903465449810028,0.9385294318199158,0.15327142179012299,0.9449265599250793
117,0.16019152104854584,0.9368229508399963,0.1659124344587326,0.9439252614974976
118,0.1615830659866333,0.9379358887672424,0.15715843439102173,0.9415887594223022
119,0.15897411108016968,0.9393085241317749,0.1398511677980423,0.951935887336731
120,0.1586104780435562,0.9387520551681519,0.14510394632816315,0.9469292163848877
121,0.1623534858226776,0.9380843043327332,0.1431204378604889,0.950600802898407
122,0.15643395483493805,0.9400133490562439,0.14121529459953308,0.9479305744171143
123,0.15607233345508575,0.9406810998916626,0.13969042897224426,0.9459279179573059
124,0.1617065668106079,0.9363036155700684,0.13789518177509308,0.951935887336731
125,0.1573168933391571,0.9414230585098267,0.13969381153583527,0.9475967884063721
126,0.15745097398757935,0.9400133490562439,0.13921904563903809,0.9502670168876648
127,0.15696556866168976,0.9392343163490295,0.1355295032262802,0.9512683749198914
128,0.15825602412223816,0.9383439421653748,0.14059926569461823,0.9509345889091492
129,0.1530742347240448,0.940940797328949,0.1384292095899582,0.9482643604278564
130,0.1534758359193802,0.9424247145652771,0.13748694956302643,0.9532710313796997
131,0.1523139774799347,0.9416085481643677,0.13913506269454956,0.9516021609306335
132,0.15441635251045227,0.9402730464935303,0.13628996908664703,0.9489319324493408
133,0.15317519009113312,0.9403472542762756,0.1344859004020691,0.9509345889091492
134,0.15664631128311157,0.9390859007835388,0.14274421334266663,0.9472630023956299
135,0.15216554701328278,0.9417198300361633,0.14334706962108612,0.9526034593582153
136,0.1577005833387375,0.9396423697471619,0.13647140562534332,0.9509345889091492
137,0.15327033400535583,0.94112628698349,0.1366705745458603,0.9502670168876648
138,0.15714624524116516,0.9393826723098755,0.1359574943780899,0.9495994448661804
139,0.14825499057769775,0.9436489343643188,0.1344393789768219,0.951935887336731
140,0.15701192617416382,0.9391971826553345,0.1400257647037506,0.9432576894760132
141,0.15527284145355225,0.9392713904380798,0.14425262808799744,0.950600802898407
142,0.1479698121547699,0.9431295394897461,0.13447372615337372,0.9532710313796997
143,0.15101394057273865,0.9434634447097778,0.13588201999664307,0.9526034593582153
144,0.14866751432418823,0.9421650171279907,0.1315762847661972,0.9522696733474731
145,0.1548987329006195,0.9393455982208252,0.1545175313949585,0.9395861029624939
146,0.15844015777111053,0.9376391172409058,0.13484641909599304,0.9445927739143372
147,0.14857728779315948,0.9440569877624512,0.1318182349205017,0.9512683749198914
148,0.15011219680309296,0.9417940378189087,0.13371415436267853,0.9522696733474731
149,0.1537323296070099,0.9407182335853577,0.13858535885810852,0.9522696733474731
150,0.1501224786043167,0.9432408213615417,0.1325811892747879,0.9499332308769226
151,0.14529816806316376,0.9440199136734009,0.14071418344974518,0.9465954899787903
152,0.15288890898227692,0.9414230585098267,0.1383902132511139,0.9469292163848877
153,0.15875686705112457,0.9385665655136108,0.1413983702659607,0.9469292163848877
154,0.1531846523284912,0.9410150051116943,0.13931980729103088,0.9435914754867554
155,0.14794301986694336,0.9445763230323792,0.1388954371213913,0.9492656588554382
156,0.14687591791152954,0.9430553317070007,0.13469697535037994,0.9539386034011841
157,0.15041829645633698,0.9414230585098267,0.13131718337535858,0.951935887336731
158,0.15152651071548462,0.9406810998916626,0.1327826827764511,0.9502670168876648
159,0.14717422425746918,0.9440940618515015,0.13830792903900146,0.9512683749198914
160,0.1465294510126114,0.9436860084533691,0.12678329646587372,0.9522696733474731
161,0.14259997010231018,0.9453182816505432,0.13375651836395264,0.9522696733474731
162,0.14890916645526886,0.9419424533843994,0.1724582314491272,0.9369158744812012
163,0.1511901468038559,0.941460132598877,0.13925763964653015,0.9499332308769226
164,0.14762935042381287,0.9435005187988281,0.1330401599407196,0.9526034593582153
165,0.14679351449012756,0.9432037472724915,0.1286851167678833,0.9549399018287659
166,0.14691521227359772,0.9426472783088684,0.12840904295444489,0.9542723894119263
167,0.14412875473499298,0.9448360204696655,0.12927111983299255,0.951935887336731
168,0.14073753356933594,0.9455409049987793,0.127240389585495,0.9526034593582153
169,0.14466042816638947,0.9449102282524109,0.1268930435180664,0.9512683749198914
170,0.14562761783599854,0.9449844360351562,0.12476402521133423,0.9549399018287659
171,0.14161615073680878,0.9453182816505432,0.1250586062669754,0.9552736878395081
172,0.14876310527324677,0.9434263110160828,0.15481896698474884,0.9375834465026855
173,0.15065868198871613,0.94112628698349,0.14181242883205414,0.9492656588554382
174,0.14332154393196106,0.9447247385978699,0.14520223438739777,0.9425901174545288
175,0.14696405827999115,0.9432779550552368,0.13171547651290894,0.9529372453689575
176,0.14518223702907562,0.9433892369270325,0.12902170419692993,0.9529372453689575
177,0.14305579662322998,0.9461715221405029,0.1269582360982895,0.9572763442993164
178,0.13899627327919006,0.9463199377059937,0.13004927337169647,0.951935887336731
179,0.1446128934621811,0.9435747265815735,0.1253940463066101,0.9562750458717346
180,0.1423584222793579,0.9468764066696167,0.12592047452926636,0.9542723894119263
181,0.1447727084159851,0.9437602162361145,0.13085877895355225,0.9529372453689575
182,0.14464612305164337,0.9446505308151245,0.13141745328903198,0.9536048173904419
183,0.14254269003868103,0.9447247385978699,0.12861348688602448,0.9539386034011841
184,0.14531472325325012,0.9440199136734009,0.13252954185009003,0.9552736878395081
185,0.14566263556480408,0.9443537592887878,0.1262197494506836,0.9546061158180237
186,0.14215929806232452,0.945652186870575,0.1232694685459137,0.9539386034011841
187,0.13936163485050201,0.9470247626304626,0.12379991263151169,0.9532710313796997
188,0.13820050656795502,0.947098970413208,0.12293756753206253,0.9549399018287659
189,0.14147904515266418,0.946542501449585,0.13320347666740417,0.9539386034011841
190,0.1400524377822876,0.9464682936668396,0.12786783277988434,0.9546061158180237
191,0.14088591933250427,0.9453924894332886,0.1374724805355072,0.9435914754867554
192,0.14042305946350098,0.9458747506141663,0.12245369702577591,0.9566088318824768
193,0.13787592947483063,0.9470247626304626,0.12660324573516846,0.9579439163208008
194,0.13903294503688812,0.9469876885414124,0.12760548293590546,0.9576101303100586
195,0.13975822925567627,0.946727991104126,0.1257769763469696,0.9495994448661804
196,0.14116422832012177,0.9462457299232483,0.12671411037445068,0.950600802898407
197,0.14037932455539703,0.945837676525116,0.12495838850736618,0.956942617893219
198,0.13702470064163208,0.9473957419395447,0.12902486324310303,0.950600802898407
199,0.14048947393894196,0.9447618126869202,0.12150443345308304,0.9542723894119263
200,0.13675539195537567,0.94657963514328,0.1251961588859558,0.9549399018287659
201,0.14135386049747467,0.9460602402687073,0.12987707555294037,0.9529372453689575
202,0.13786523044109344,0.9470618963241577,0.12604928016662598,0.9552736878395081
203,0.13655555248260498,0.9475070238113403,0.12283823639154434,0.9549399018287659
204,0.13367637991905212,0.9484716057777405,0.11988753080368042,0.9559412598609924
205,0.14273692667484283,0.9454666972160339,0.12447534501552582,0.9522696733474731
206,0.14523619413375854,0.9427956938743591,0.15288403630256653,0.9402536749839783
207,0.14946548640727997,0.9424247145652771,0.13043102622032166,0.951935887336731
208,0.13838356733322144,0.9462828040122986,0.12194229662418365,0.956942617893219
209,0.13802987337112427,0.947098970413208,0.12071607261896133,0.9546061158180237
210,0.1369183510541916,0.946542501449585,0.11626938730478287,0.956942617893219
211,0.13587071001529694,0.9481377005577087,0.12156844139099121,0.9542723894119263
212,0.13667164742946625,0.9466537833213806,0.12014684081077576,0.9552736878395081
213,0.1332593858242035,0.947284460067749,0.11867361515760422,0.9552736878395081
214,0.13112370669841766,0.9489909410476685,0.11776041984558105,0.9572763442993164
215,0.13398058712482452,0.9485086798667908,0.13201139867305756,0.9512683749198914
216,0.13645295798778534,0.9473215341567993,0.12579300999641418,0.9536048173904419
217,0.13684788346290588,0.9475812315940857,0.1326451152563095,0.9489319324493408
218,0.138424813747406,0.9463199377059937,0.12442505359649658,0.9592790603637695
219,0.14101260900497437,0.9446505308151245,0.12060300260782242,0.9526034593582153
220,0.1397942155599594,0.9488054513931274,0.12151005864143372,0.9556074738502502
221,0.14069633185863495,0.9472473859786987,0.12295551598072052,0.9542723894119263
222,0.13152918219566345,0.9494361281394958,0.11713012307882309,0.9542723894119263
223,0.1312638372182846,0.9492506384849548,0.11670687049627304,0.9596128463745117
224,0.1411420702934265,0.9454666972160339,0.12457200139760971,0.9536048173904419
225,0.13722030818462372,0.9478780031204224,0.11957249790430069,0.9572763442993164
226,0.13676145672798157,0.9459118843078613,0.12329994887113571,0.9529372453689575
227,0.1411791294813156,0.9449844360351562,0.1299704909324646,0.9492656588554382
228,0.13768868148326874,0.9461715221405029,0.11646723747253418,0.9559412598609924
229,0.13369913399219513,0.9483602643013,0.12128892540931702,0.956942617893219
230,0.13939735293388367,0.946727991104126,0.13150419294834137,0.9529372453689575
231,0.13620825111865997,0.947655439376831,0.11468134075403214,0.9586114883422852
232,0.13597111403942108,0.9470618963241577,0.11874891072511673,0.9559412598609924
233,0.13733366131782532,0.9475070238113403,0.1247861236333847,0.9542723894119263
234,0.13320735096931458,0.9485828876495361,0.12174569815397263,0.9526034593582153
235,0.13573892414569855,0.9472473859786987,0.12016914784908295,0.9586114883422852
236,0.13173285126686096,0.9488054513931274,0.12203796952962875,0.9589452743530273
237,0.13830222189426422,0.9452812075614929,0.11615575850009918,0.9576101303100586
238,0.13657136261463165,0.9473215341567993,0.1207611933350563,0.9539386034011841
239,0.1349111646413803,0.9491393566131592,0.11893428862094879,0.9546061158180237
240,0.1376851350069046,0.9472473859786987,0.12341874092817307,0.9539386034011841
241,0.13953736424446106,0.9456150531768799,0.11978713423013687,0.9536048173904419
242,0.13366614282131195,0.9497328996658325,0.117247574031353,0.9566088318824768
243,0.12840700149536133,0.9510313272476196,0.11628895252943039,0.9579439163208008
244,0.13537028431892395,0.9470618963241577,0.11487410962581635,0.9599465727806091
245,0.13034003973007202,0.9491393566131592,0.11299151927232742,0.9572763442993164
246,0.13141149282455444,0.9486941695213318,0.11830072849988937,0.956942617893219
247,0.13116471469402313,0.9492877125740051,0.11868948489427567,0.9546061158180237
248,0.12946975231170654,0.9491393566131592,0.12123456597328186,0.9542723894119263
249,0.13407215476036072,0.9474328756332397,0.1233476921916008,0.9576101303100586
250,0.13104118406772614,0.9489167332649231,0.11888737976551056,0.9539386034011841
251,0.1338835507631302,0.9481006264686584,0.11820907145738602,0.9549399018287659
252,0.13789252936840057,0.9469876885414124,0.12347550690174103,0.951935887336731
253,0.1322208195924759,0.9489909410476685,0.1271776705980301,0.9502670168876648
254,0.137851744890213,0.946542501449585,0.12353064119815826,0.9552736878395081
255,0.13637453317642212,0.9471731781959534,0.12090989202260971,0.9572763442993164
256,0.12810291349887848,0.9503635764122009,0.1295308619737625,0.9532710313796997
257,0.12867705523967743,0.9498071074485779,0.12939944863319397,0.9479305744171143
258,0.13483776152133942,0.9477296471595764,0.1262490153312683,0.951935887336731
259,0.12952852249145508,0.9492135047912598,0.11981586366891861,0.9529372453689575
260,0.13265681266784668,0.9485086798667908,0.11411868780851364,0.9556074738502502
261,0.1291770040988922,0.9506974220275879,0.12157903611660004,0.9526034593582153
262,0.13145864009857178,0.9495844841003418,0.12181924283504486,0.9526034593582153
263,0.1307755410671234,0.9492506384849548,0.11493973433971405,0.9562750458717346
264,0.13267314434051514,0.9487312436103821,0.11870875209569931,0.9559412598609924
265,0.13079528510570526,0.9491022229194641,0.1122036725282669,0.9596128463745117
266,0.1310775876045227,0.9501409530639648,0.12065212428569794,0.9566088318824768
267,0.1314561814069748,0.9485457539558411,0.12376026064157486,0.9549399018287659
268,0.1294788122177124,0.9491022229194641,0.11769678443670273,0.9552736878395081
269,0.1269436478614807,0.9506603479385376,0.10995899140834808,0.956942617893219
270,0.126153826713562,0.9508087038993835,0.1269020140171051,0.9542723894119263
271,0.1334691196680069,0.9478780031204224,0.11616449803113937,0.9589452743530273
272,0.1286430060863495,0.9491764307022095,0.12900982797145844,0.9482643604278564
273,0.13080960512161255,0.9491764307022095,0.12163615226745605,0.9522696733474731
274,0.12718264758586884,0.9508458375930786,0.1124844029545784,0.9562750458717346
275,0.12838350236415863,0.9498441815376282,0.11409040540456772,0.9592790603637695
276,0.1366395503282547,0.9461344480514526,0.12083172053098679,0.9562750458717346
277,0.13133281469345093,0.9487683773040771,0.1184939369559288,0.9552736878395081
278,0.13393644988536835,0.9482861161231995,0.1139582172036171,0.9579439163208008
279,0.1282825917005539,0.9497699737548828,0.11189122498035431,0.9612817168235779
280,0.13287264108657837,0.9480264186859131,0.123257115483284,0.9556074738502502
281,0.1295774281024933,0.9498071074485779,0.12094998359680176,0.9559412598609924
282,0.12747612595558167,0.9502893686294556,0.11267489939928055,0.9589452743530273
283,0.12299583107233047,0.9515506625175476,0.11233653873205185,0.9572763442993164
284,0.12972286343574524,0.9499554634094238,0.11369630694389343,0.958277702331543
285,0.1262149065732956,0.9508458375930786,0.11604670435190201,0.9509345889091492
286,0.12807010114192963,0.9512168169021606,0.12638230621814728,0.9542723894119263
287,0.1288556307554245,0.9497699737548828,0.11360213160514832,0.9622830152511597
288,0.12497610598802567,0.9508458375930786,0.12123030424118042,0.9536048173904419
289,0.13191303610801697,0.9480264186859131,0.1139817088842392,0.9579439163208008
290,0.13930581510066986,0.9454295635223389,0.13213062286376953,0.9539386034011841
291,0.12909889221191406,0.9490651488304138,0.11933916062116623,0.9532710313796997
292,0.12708979845046997,0.9500668048858643,0.11553067713975906,0.9616155028343201
293,0.1255357265472412,0.9511796832084656,0.11412595212459564,0.9572763442993164
294,0.12718766927719116,0.9509571194648743,0.11844887584447861,0.9536048173904419
295,0.12119680643081665,0.9532200694084167,0.11356906592845917,0.9589452743530273
296,0.12928733229637146,0.9497699737548828,0.11232981830835342,0.9642857313156128
297,0.12874291837215424,0.9502893686294556,0.11622527241706848,0.9586114883422852
298,0.12849897146224976,0.9495474100112915,0.1187540590763092,0.9579439163208008
299,0.12337686866521835,0.952329695224762,0.108974888920784,0.9579439163208008
300,0.13052384555339813,0.9486941695213318,0.11376121640205383,0.956942617893219
301,0.12538465857505798,0.9503264427185059,0.11087754368782043,0.9552736878395081
302,0.12288700044155121,0.952329695224762,0.11134207248687744,0.956942617893219
303,0.12554273009300232,0.9508829116821289,0.11173894256353378,0.9592790603637695
304,0.130071222782135,0.9493989944458008,0.11569099128246307,0.9576101303100586
305,0.12123274058103561,0.9528120160102844,0.11099670082330704,0.958277702331543
306,0.12595920264720917,0.951105535030365,0.11159024387598038,0.9612817168235779
307,0.12300031632184982,0.9532200694084167,0.11424699425697327,0.9599465727806091
308,0.12328986823558807,0.9506232142448425,0.1128927543759346,0.9596128463745117
309,0.12303312867879868,0.950920045375824,0.12059643119573593,0.956942617893219
310,0.12480209767818451,0.9504006505012512,0.1128336638212204,0.956942617893219
311,0.12806639075279236,0.9496216177940369,0.11520765721797943,0.9556074738502502
312,0.12198303639888763,0.9522555470466614,0.11038266867399216,0.9579439163208008
313,0.12478117644786835,0.9514764547348022,0.11639687418937683,0.9566088318824768
314,0.12230310589075089,0.9522184133529663,0.10920268297195435,0.9612817168235779
315,0.12479006499052048,0.9505119323730469,0.12324374914169312,0.9532710313796997
316,0.12527784705162048,0.950920045375824,0.10679759085178375,0.9596128463745117
317,0.12661638855934143,0.9509941935539246,0.1151098683476448,0.9599465727806091
318,0.1220785602927208,0.9531087875366211,0.11125251650810242,0.9566088318824768
319,0.12787438929080963,0.9502151608467102,0.11838392913341522,0.9522696733474731
320,0.12925894558429718,0.9498813152313232,0.12403109669685364,0.951935887336731
321,0.12515531480312347,0.950734555721283,0.11042508482933044,0.9589452743530273
322,0.12879164516925812,0.9497328996658325,0.12152998894453049,0.958277702331543
323,0.1300830841064453,0.9502893686294556,0.11159002035856247,0.9612817168235779
324,0.1265014111995697,0.9503635764122009,0.11718642711639404,0.9556074738502502
325,0.12433358281850815,0.9514023065567017,0.11108043044805527,0.9616155028343201
326,0.12402469664812088,0.9504006505012512,0.10757556557655334,0.9612817168235779
327,0.12162472307682037,0.9530345797538757,0.10904213786125183,0.9586114883422852
328,0.12187475711107254,0.9514764547348022,0.1076103150844574,0.9606141448020935
329,0.12557856738567352,0.9509941935539246,0.11214916408061981,0.9562750458717346
330,0.12128151953220367,0.9505861401557922,0.10845748335123062,0.9596128463745117
331,0.1279086172580719,0.9487683773040771,0.12068784236907959,0.9509345889091492
332,0.12148960679769516,0.9528490900993347,0.10973861068487167,0.9616155028343201
333,0.12753434479236603,0.9496586918830872,0.11696486175060272,0.9576101303100586
334,0.12422163039445877,0.9524781107902527,0.11535658687353134,0.9596128463745117
335,0.1318371444940567,0.9484344720840454,0.12162436544895172,0.9536048173904419
336,0.1244421899318695,0.951439380645752,0.10901650041341782,0.9639519453048706
337,0.12059677392244339,0.9529232978820801,0.11531949043273926,0.9556074738502502
338,0.1233627125620842,0.950734555721283,0.12314572185277939,0.9552736878395081
339,0.13248087465763092,0.9486570954322815,0.11036024987697601,0.9596128463745117
340,0.12068800628185272,0.952144205570221,0.11074066907167435,0.9536048173904419
341,0.12110088020563126,0.9521071314811707,0.10621907562017441,0.9596128463745117
342,0.1237640529870987,0.9491022229194641,0.11264210939407349,0.9572763442993164
343,0.12277613580226898,0.951624870300293,0.10893998295068741,0.9609479308128357
344,0.12424476444721222,0.9510684013366699,0.11254941672086716,0.9552736878395081
345,0.12818026542663574,0.9505490660667419,0.1136845201253891,0.9602803587913513
346,0.12323921173810959,0.9525893926620483,0.1076510027050972,0.9606141448020935
347,0.12578561902046204,0.9515506625175476,0.11829256266355515,0.9579439163208008
348,0.1253584623336792,0.9519216418266296,0.11377155035734177,0.9562750458717346
349,0.12867380678653717,0.9487683773040771,0.1289667934179306,0.9522696733474731
350,0.12394058704376221,0.9514023065567017,0.11343502253293991,0.9592790603637695
351,0.12330306321382523,0.9519587755203247,0.10710182785987854,0.9602803587913513
352,0.1233983114361763,0.9511426091194153,0.10789428651332855,0.9592790603637695
353,0.11702762544155121,0.9548894762992859,0.10929349809885025,0.9612817168235779
354,0.12819309532642365,0.9498441815376282,0.11340084671974182,0.9579439163208008
355,0.12340060621500015,0.951439380645752,0.11841031163930893,0.958277702331543
356,0.12510457634925842,0.9503264427185059,0.11747592687606812,0.9586114883422852
357,0.1269417405128479,0.9502893686294556,0.11414093524217606,0.9572763442993164
358,0.1262577772140503,0.9514764547348022,0.11181995272636414,0.956942617893219
359,0.12213221937417984,0.9515877962112427,0.11119448393583298,0.9606141448020935
360,0.12399881333112717,0.9516619443893433,0.11552656441926956,0.9589452743530273
361,0.11994274705648422,0.9520329236984253,0.11320917308330536,0.9559412598609924
362,0.1240997165441513,0.9505119323730469,0.11258042603731155,0.9586114883422852
363,0.12469561398029327,0.9510684013366699,0.10961705446243286,0.9579439163208008
364,0.12307808548212051,0.951810359954834,0.12220185250043869,0.9509345889091492
365,0.13004980981349945,0.9488054513931274,0.10839299857616425,0.9606141448020935
366,0.12248902022838593,0.951995849609375,0.11486504971981049,0.9586114883422852
367,0.12263650447130203,0.951810359954834,0.10777043551206589,0.9579439163208008
368,0.12389598041772842,0.9517361521720886,0.10835830122232437,0.9602803587913513
369,0.11858682334423065,0.9532200694084167,0.11011499911546707,0.9586114883422852
370,0.12585969269275665,0.950734555721283,0.11907681077718735,0.9516021609306335
371,0.11797924339771271,0.9548152685165405,0.10780414193868637,0.9606141448020935
372,0.11891399323940277,0.9528120160102844,0.12070206552743912,0.9602803587913513
373,0.12361867725849152,0.9501038789749146,0.10639165341854095,0.9612817168235779
374,0.1201714277267456,0.9524410367012024,0.10555176436901093,0.9616155028343201
375,0.1168166995048523,0.9546668529510498,0.12096203118562698,0.9539386034011841
376,0.12823812663555145,0.9485457539558411,0.11809375882148743,0.9612817168235779
377,0.12214528024196625,0.952181339263916,0.1156703308224678,0.9559412598609924
378,0.1220516711473465,0.9514023065567017,0.10885526239871979,0.9592790603637695
379,0.12086790800094604,0.9529603719711304,0.11015933007001877,0.9549399018287659
380,0.11907809227705002,0.9527378082275391,0.1063360646367073,0.9599465727806091
381,0.12185885012149811,0.951995849609375,0.10959575325250626,0.9612817168235779
382,0.11656849086284637,0.9545926451683044,0.10514521598815918,0.9626168012619019
383,0.1179777979850769,0.952552318572998,0.10893276333808899,0.9606141448020935
384,0.11969579011201859,0.9522926211357117,0.1071593165397644,0.9602803587913513
385,0.12333731353282928,0.9509941935539246,0.11177214980125427,0.9592790603637695
386,0.12197460979223251,0.9515877962112427,0.11122190207242966,0.9592790603637695
387,0.12012512981891632,0.9527748823165894,0.11263418942689896,0.9579439163208008
388,0.12022802978754044,0.9519216418266296,0.10955072939395905,0.9586114883422852
389,0.126791313290596,0.9500296711921692,0.11142544448375702,0.9586114883422852
390,0.11873603612184525,0.9528490900993347,0.10848554968833923,0.9616155028343201
391,0.12175865471363068,0.9505490660667419,0.10874244570732117,0.9612817168235779
392,0.11840565502643585,0.9534797668457031,0.11047447472810745,0.9586114883422852
393,0.11799616366624832,0.9537765383720398,0.10636867582798004,0.9592790603637695
394,0.11811042577028275,0.9541845917701721,0.10685621947050095,0.9632843732833862
395,0.1215628907084465,0.9518845677375793,0.1113860234618187,0.9579439163208008
396,0.124436154961586,0.9515877962112427,0.11159957200288773,0.9566088318824768
397,0.11852563917636871,0.9524781107902527,0.12078605592250824,0.9556074738502502
398,0.1250375658273697,0.9509571194648743,0.10405218601226807,0.9616155028343201
399,0.11810723692178726,0.9541103839874268,0.11782657355070114,0.9532710313796997
400,0.12002978473901749,0.9533684253692627,0.11309393495321274,0.956942617893219
401,0.12510395050048828,0.950734555721283,0.11275970935821533,0.9592790603637695
402,0.11656408756971359,0.9538507461547852,0.11187022924423218,0.9562750458717346
403,0.12297151982784271,0.9503264427185059,0.12361910939216614,0.9536048173904419
404,0.1237747073173523,0.9508458375930786,0.11114560067653656,0.9612817168235779
405,0.12018569558858871,0.9524410367012024,0.1056186705827713,0.9596128463745117
406,0.11617887765169144,0.9538878202438354,0.10771334916353226,0.9562750458717346
407,0.11539798229932785,0.9546668529510498,0.10732666403055191,0.9579439163208008
408,0.11773962527513504,0.9535910487174988,0.10550256818532944,0.9616155028343201
409,0.11334514617919922,0.9554830193519592,0.11006733030080795,0.956942617893219
410,0.11502020061016083,0.9550007581710815,0.10394562035799026,0.9606141448020935
411,0.1196586936712265,0.9516990780830383,0.10819698870182037,0.9599465727806091
412,0.12467982620000839,0.9522184133529663,0.11106615513563156,0.9556074738502502
413,0.12759217619895935,0.9506603479385376,0.12883250415325165,0.9445927739143372
414,0.12551413476467133,0.9504006505012512,0.11354087293148041,0.9606141448020935
415,0.11653818190097809,0.9544442892074585,0.106002077460289,0.958277702331543
416,0.11731031537055969,0.953257143497467,0.10863614827394485,0.9616155028343201
417,0.11700144410133362,0.9528120160102844,0.11206865310668945,0.9562750458717346
418,0.11576519906520844,0.9546297788619995,0.11085563153028488,0.9576101303100586
419,0.1201014444231987,0.9524781107902527,0.10405191034078598,0.9626168012619019
420,0.1136598140001297,0.9543330073356628,0.10988255590200424,0.9566088318824768
421,0.1151522621512413,0.9539248943328857,0.10764017701148987,0.9636181592941284
422,0.11483833193778992,0.9543330073356628,0.10674573481082916,0.9589452743530273
423,0.11602829396724701,0.9531458616256714,0.112764373421669,0.9572763442993164
424,0.12198317795991898,0.9522926211357117,0.11750821769237518,0.9586114883422852
425,0.1204979419708252,0.952700674533844,0.10817435383796692,0.9556074738502502
426,0.11783742904663086,0.952700674533844,0.10365574806928635,0.9626168012619019
427,0.11516371369361877,0.9546297788619995,0.10668868571519852,0.958277702331543
428,0.11752856522798538,0.953071653842926,0.11233062297105789,0.9556074738502502
429,0.11717037111520767,0.9524039030075073,0.11391299962997437,0.9539386034011841
430,0.11740495264530182,0.9533684253692627,0.11981834471225739,0.9526034593582153
431,0.11874328553676605,0.952366828918457,0.13438060879707336,0.9489319324493408
432,0.1190953403711319,0.9524781107902527,0.10882195830345154,0.9556074738502502
433,0.12372855097055435,0.9501409530639648,0.11744281649589539,0.9552736878395081
434,0.11588390916585922,0.9537765383720398,0.11172757297754288,0.956942617893219
435,0.12595334649085999,0.9505861401557922,0.1081564798951149,0.9612817168235779
436,0.11413461714982986,0.9561136960983276,0.1078905463218689,0.9592790603637695
437,0.12528617680072784,0.9502893686294556,0.11585412174463272,0.9599465727806091
438,0.11867669224739075,0.9534797668457031,0.10518615692853928,0.9602803587913513
439,0.11383034288883209,0.9543700814247131,0.10311092436313629,0.9602803587913513
440,0.115423783659935,0.9547039866447449,0.10761954635381699,0.9626168012619019
441,0.11947054415941238,0.9528490900993347,0.10713059455156326,0.9619492888450623
442,0.12121783941984177,0.9507716298103333,0.11186546087265015,0.9579439163208008
443,0.11771029978990555,0.9535168409347534,0.10339948534965515,0.956942617893219
444,0.11550629884004593,0.9544071555137634,0.1086699590086937,0.9616155028343201
445,0.11539022624492645,0.9535168409347534,0.10663427412509918,0.9592790603637695
446,0.11783507466316223,0.9527378082275391,0.107740618288517,0.9616155028343201
447,0.12069955468177795,0.9529603719711304,0.10367587953805923,0.9592790603637695
448,0.11755358427762985,0.9536652565002441,0.10169360786676407,0.9606141448020935
449,0.11560069769620895,0.9539991021156311,0.10876650363206863,0.9586114883422852
450,0.1174936518073082,0.9531458616256714,0.1118202656507492,0.9586114883422852
451,0.11973375827074051,0.9537765383720398,0.1106143519282341,0.9609479308128357
452,0.11827210336923599,0.9528490900993347,0.11594143509864807,0.9576101303100586
453,0.12131277471780777,0.952886164188385,0.10551449656486511,0.9586114883422852
454,0.11732886731624603,0.9533313512802124,0.10770444571971893,0.9616155028343201
455,0.11317119747400284,0.9548523426055908,0.10755101591348648,0.9592790603637695
456,0.12014511227607727,0.9529232978820801,0.1035725474357605,0.9616155028343201
457,0.11843279004096985,0.9527748823165894,0.11049593240022659,0.9592790603637695
458,0.11494714021682739,0.9546668529510498,0.10465428233146667,0.9616155028343201
459,0.11605015397071838,0.9536281228065491,0.1119217500090599,0.9552736878395081
460,0.11259584873914719,0.9555200934410095,0.10399779677391052,0.9589452743530273
461,0.12000676244497299,0.9515506625175476,0.10439226031303406,0.9606141448020935
462,0.11817880719900131,0.9534426331520081,0.10334064811468124,0.962950587272644
463,0.1172996535897255,0.9543330073356628,0.1194477453827858,0.9495994448661804
464,0.11913234740495682,0.9519216418266296,0.11185678094625473,0.956942617893219
465,0.12058842927217484,0.953071653842926,0.10465994477272034,0.9612817168235779
466,0.11451561748981476,0.9550749659538269,0.10891114175319672,0.9599465727806091
467,0.11593511700630188,0.9541475176811218,0.1057734489440918,0.9596128463745117
468,0.11404186487197876,0.9537765383720398,0.10497383028268814,0.9566088318824768
469,0.11642280220985413,0.9549265503883362,0.1117587760090828,0.9539386034011841
470,0.11695634573698044,0.9542216658592224,0.10333685576915741,0.9619492888450623
471,0.11702712625265121,0.952700674533844,0.10522529482841492,0.9642857313156128
472,0.11855970323085785,0.9529232978820801,0.1046634390950203,0.9606141448020935
473,0.11594173312187195,0.9540733098983765,0.10270024091005325,0.9632843732833862
474,0.1179991140961647,0.9537765383720398,0.11799973994493484,0.9539386034011841
475,0.12469450384378433,0.9510313272476196,0.10743755847215652,0.9626168012619019
476,0.11310592293739319,0.9541103839874268,0.10380260646343231,0.9616155028343201
477,0.11542004346847534,0.9535168409347534,0.1075618639588356,0.9592790603637695
478,0.11803002655506134,0.9531458616256714,0.12446768581867218,0.9435914754867554
479,0.11640172451734543,0.9530345797538757,0.10686689615249634,0.9609479308128357
480,0.11570227146148682,0.9531458616256714,0.1039745882153511,0.962950587272644
481,0.11981557309627533,0.952366828918457,0.11888273060321808,0.9469292163848877
482,0.11856350302696228,0.952329695224762,0.10955643653869629,0.9632843732833862
483,0.1142878383398056,0.9550378322601318,0.10155753791332245,0.9649532437324524
484,0.12012147158384323,0.952181339263916,0.10762806981801987,0.9586114883422852
485,0.11786055564880371,0.9533684253692627,0.10591810941696167,0.9596128463745117
486,0.1155381053686142,0.9534797668457031,0.10908231139183044,0.9572763442993164
487,0.11418333649635315,0.9544442892074585,0.12928375601768494,0.9385848045349121
488,0.12761802971363068,0.9492506384849548,0.10756449401378632,0.9576101303100586
489,0.11575385183095932,0.9548152685165405,0.09952899813652039,0.9612817168235779
490,0.11672079563140869,0.9536652565002441,0.1099911481142044,0.9612817168235779
491,0.1173495352268219,0.9528120160102844,0.1009044349193573,0.9606141448020935
492,0.11601798981428146,0.9540733098983765,0.10252191871404648,0.9609479308128357
493,0.11262103915214539,0.9546668529510498,0.1026221513748169,0.9622830152511597
494,0.11288685351610184,0.9546297788619995,0.10972392559051514,0.9589452743530273
495,0.11603228002786636,0.9537394046783447,0.10630673170089722,0.9596128463745117
496,0.11193101108074188,0.9555943012237549,0.10209976881742477,0.9596128463745117
497,0.11255064606666565,0.9554458856582642,0.09837253391742706,0.9616155028343201
498,0.11282695829868317,0.9552603960037231,0.10909751802682877,0.956942617893219
499,0.115074023604393,0.9537023305892944,0.10717950016260147,0.958277702331543
500,0.11423961818218231,0.9536652565002441,0.10516702383756638,0.9602803587913513
501,0.1162889152765274,0.953071653842926,0.10777121782302856,0.9609479308128357
502,0.12345236539840698,0.9508829116821289,0.10275670140981674,0.9619492888450623
503,0.11701635271310806,0.9537023305892944,0.10806720703840256,0.9589452743530273
504,0.11524350196123123,0.9549636244773865,0.10178975015878677,0.9606141448020935
505,0.11058424413204193,0.956336259841919,0.10576776415109634,0.9609479308128357
506,0.11671266704797745,0.9540362358093262,0.10481415688991547,0.9592790603637695
507,0.11292441189289093,0.9556685090065002,0.10480698943138123,0.9602803587913513
508,0.11717405170202255,0.9521071314811707,0.11778772622346878,0.9532710313796997
509,0.11823462694883347,0.9527378082275391,0.10759122669696808,0.9592790603637695
510,0.12319832295179367,0.9510313272476196,0.10637106746435165,0.9596128463745117
511,0.1150069609284401,0.9550378322601318,0.10995073616504669,0.9606141448020935
512,0.11256176978349686,0.9544813632965088,0.10703382641077042,0.9549399018287659
513,0.11442918330430984,0.9539248943328857,0.10717857629060745,0.9609479308128357
514,0.11444513499736786,0.9538136124610901,0.1096993088722229,0.9566088318824768
515,0.11661047488451004,0.9543330073356628,0.11262685060501099,0.956942617893219
516,0.1159806177020073,0.9539620280265808,0.10150980949401855,0.9616155028343201
517,0.11570237576961517,0.9540362358093262,0.11975649744272232,0.9579439163208008
518,0.11748549342155457,0.9527378082275391,0.10339685529470444,0.962950587272644
519,0.11218863725662231,0.9549636244773865,0.10570082813501358,0.9609479308128357
520,0.12361841648817062,0.9505119323730469,0.12264323234558105,0.9556074738502502
521,0.11822783946990967,0.952886164188385,0.10524646192789078,0.9599465727806091
522,0.11184945702552795,0.9552233219146729,0.1096816435456276,0.9562750458717346
523,0.11353199928998947,0.9541475176811218,0.10506779700517654,0.956942617893219
524,0.1128864586353302,0.9555572271347046,0.10611514747142792,0.956942617893219
525,0.11332545429468155,0.9534797668457031,0.10749217122793198,0.9586114883422852
526,0.11524299532175064,0.9539991021156311,0.11225089430809021,0.9599465727806091
527,0.11553586274385452,0.953071653842926,0.10144869238138199,0.9632843732833862
528,0.11283185333013535,0.9553717374801636,0.10245990753173828,0.9602803587913513
529,0.11496461182832718,0.9533684253692627,0.10460610687732697,0.9586114883422852
530,0.11711053550243378,0.9535539150238037,0.10479599982500076,0.9596128463745117
531,0.1131565049290657,0.9549636244773865,0.10369324684143066,0.9622830152511597
532,0.11418695747852325,0.9545555710792542,0.10288246721029282,0.9609479308128357
533,0.1180812269449234,0.9532200694084167,0.1010475605726242,0.9632843732833862
534,0.1137201189994812,0.9548523426055908,0.10557905584573746,0.9592790603637695
535,0.11499612033367157,0.9548152685165405,0.12718616425991058,0.9549399018287659
536,0.11671888083219528,0.9545555710792542,0.10243045538663864,0.962950587272644
537,0.11240851134061813,0.9547781348228455,0.10016369074583054,0.9609479308128357
538,0.11184172332286835,0.9557797908782959,0.10620137304067612,0.9586114883422852
539,0.11786232888698578,0.9529603719711304,0.11337823420763016,0.9562750458717346
540,0.11666619777679443,0.9540362358093262,0.11635137349367142,0.9552736878395081
541,0.11304782330989838,0.9544071555137634,0.10293370485305786,0.9609479308128357
542,0.10942619293928146,0.9571152925491333,0.10794316232204437,0.9562750458717346
543,0.11158407479524612,0.9544442892074585,0.10490922629833221,0.9626168012619019
544,0.1128762811422348,0.9551862478256226,0.10300658643245697,0.9579439163208008
545,0.11737389117479324,0.9534797668457031,0.10419915616512299,0.9592790603637695
546,0.11364754289388657,0.9549636244773865,0.10973802953958511,0.9622830152511597
547,0.12036201357841492,0.9519587755203247,0.10415025055408478,0.9632843732833862
548,0.1220143735408783,0.951624870300293,0.10246587544679642,0.9576101303100586
549,0.11370882391929626,0.9543330073356628,0.10272035747766495,0.9609479308128357
550,0.11031917482614517,0.9560023546218872,0.10097137838602066,0.9616155028343201
551,0.11147034168243408,0.9558539986610413,0.10467980802059174,0.9622830152511597
552,0.11260643601417542,0.9551120400428772,0.10429903864860535,0.9596128463745117
553,0.11068405956029892,0.9549636244773865,0.0998210459947586,0.9609479308128357
554,0.11254218220710754,0.9551491141319275,0.10158736258745193,0.9622830152511597
555,0.11917144060134888,0.9528490900993347,0.11434739828109741,0.956942617893219
556,0.11210432648658752,0.9560765624046326,0.10333025455474854,0.9579439163208008
557,0.11228054016828537,0.9555572271347046,0.10308054834604263,0.9622830152511597
558,0.11509674787521362,0.9543700814247131,0.10301672667264938,0.9616155028343201
559,0.11277022957801819,0.9549636244773865,0.10344884544610977,0.9619492888450623
560,0.11648625880479813,0.952886164188385,0.10827339440584183,0.958277702331543
561,0.11496768146753311,0.9539620280265808,0.11103540658950806,0.9499332308769226
562,0.11718608438968658,0.9524039030075073,0.118558868765831,0.958277702331543
563,0.11380276083946228,0.9537765383720398,0.1007099598646164,0.9602803587913513
564,0.1150057390332222,0.9532942771911621,0.11538776755332947,0.9602803587913513
565,0.11508038640022278,0.9535539150238037,0.10163669288158417,0.9609479308128357
566,0.11117170006036758,0.9560394883155823,0.10380613058805466,0.9592790603637695
567,0.11019185930490494,0.9548894762992859,0.11003567278385162,0.958277702331543
568,0.10944054275751114,0.9555943012237549,0.10074587911367416,0.9619492888450623
569,0.1113128513097763,0.9551491141319275,0.10024729371070862,0.9602803587913513
570,0.10884363204240799,0.9571152925491333,0.10134553909301758,0.9649532437324524
571,0.11656075716018677,0.9534797668457031,0.11013533174991608,0.9546061158180237
572,0.11366149038076401,0.9550378322601318,0.10283394157886505,0.9609479308128357
573,0.1128421425819397,0.9557797908782959,0.1062232255935669,0.9572763442993164
574,0.11254248023033142,0.9556685090065002,0.10555467754602432,0.9599465727806091
575,0.11043395102024078,0.9554088115692139,0.10155589133501053,0.9619492888450623
576,0.10920774191617966,0.9571895003318787,0.09854539483785629,0.9639519453048706
577,0.11216739565134048,0.9565959572792053,0.10445895791053772,0.9609479308128357
578,0.1097654476761818,0.9558910727500916,0.09989990293979645,0.9639519453048706
579,0.10976740717887878,0.9549636244773865,0.10147453099489212,0.9626168012619019
580,0.12526708841323853,0.9500296711921692,0.10667124390602112,0.9612817168235779
581,0.11753963679075241,0.9526265263557434,0.10893100500106812,0.9579439163208008
582,0.10900302231311798,0.9564475417137146,0.10291474312543869,0.958277702331543
583,0.11091107130050659,0.9557797908782959,0.10089816898107529,0.9602803587913513
584,0.11820334941148758,0.9528120160102844,0.12745089828968048,0.9549399018287659
585,0.11330347508192062,0.9549636244773865,0.0995388999581337,0.9602803587913513
586,0.11066398024559021,0.9560023546218872,0.10375063866376877,0.9562750458717346
587,0.10944276303052902,0.9560765624046326,0.10029800981283188,0.962950587272644
588,0.11187445372343063,0.9557427167892456,0.10082659125328064,0.9609479308128357
589,0.11246860772371292,0.9555943012237549,0.1033158227801323,0.958277702331543
590,0.11288416385650635,0.9551862478256226,0.10534150153398514,0.9552736878395081
591,0.1608591228723526,0.9435005187988281,0.12688229978084564,0.9562750458717346
592,0.12726087868213654,0.9501038789749146,0.10558746010065079,0.958277702331543
593,0.11515961587429047,0.9535539150238037,0.10435852408409119,0.9636181592941284
594,0.11874085664749146,0.9532200694084167,0.10458355396986008,0.958277702331543
595,0.11408540606498718,0.9538136124610901,0.10459966212511063,0.9636181592941284
596,0.11223579198122025,0.9545926451683044,0.10150237381458282,0.9609479308128357
597,0.11363957077264786,0.9542958736419678,0.12004752457141876,0.9589452743530273
598,0.11157017201185226,0.9544442892074585,0.10534844547510147,0.9586114883422852
599,0.11088268458843231,0.9559652805328369,0.09991946816444397,0.9599465727806091
600,0.10834386199712753,0.9563733339309692,0.09846818447113037,0.962950587272644
601,0.11445344239473343,0.9543700814247131,0.09990023076534271,0.9626168012619019
602,0.11021097004413605,0.9562249779701233,0.10611039400100708,0.9619492888450623
603,0.10972671955823898,0.9555572271347046,0.10433360189199448,0.9586114883422852
604,0.10744065791368484,0.9561878442764282,0.09912541508674622,0.9619492888450623
605,0.11077015846967697,0.9561507701873779,0.12348148226737976,0.9445927739143372
606,0.11055904626846313,0.9542587995529175,0.10219444334506989,0.9599465727806091
607,0.10779042541980743,0.9569669365882874,0.1068149134516716,0.9576101303100586
608,0.10874742269515991,0.9559652805328369,0.09898249804973602,0.9622830152511597
609,0.1115410253405571,0.9542587995529175,0.10410922020673752,0.9602803587913513
610,0.11465894430875778,0.9545184969902039,0.10145752131938934,0.9572763442993164
611,0.11071665585041046,0.9558910727500916,0.09943842887878418,0.9639519453048706
612,0.10744044929742813,0.95652174949646,0.11243575066328049,0.9592790603637695
613,0.11398721486330032,0.9546668529510498,0.1050051674246788,0.9636181592941284
614,0.10911570489406586,0.9562991261482239,0.10672582685947418,0.9596128463745117
615,0.10929886996746063,0.9553717374801636,0.10184015333652496,0.9602803587913513
616,0.11188824474811554,0.9544442892074585,0.1019066870212555,0.9589452743530273
617,0.11173183470964432,0.9558539986610413,0.10145094245672226,0.9619492888450623
618,0.11019822955131531,0.9550749659538269,0.10524486750364304,0.9599465727806091
619,0.11434811353683472,0.9532200694084167,0.10925427079200745,0.9596128463745117
620,0.11071629077196121,0.9552603960037231,0.10086289793252945,0.9616155028343201
621,0.11530690640211105,0.9542587995529175,0.10763238370418549,0.9596128463745117
622,0.11740560829639435,0.952552318572998,0.10051827877759933,0.962950587272644
623,0.11308405548334122,0.9553717374801636,0.10285872220993042,0.9606141448020935
624,0.10997948050498962,0.9554458856582642,0.09771512448787689,0.964619517326355
625,0.1106458231806755,0.9549636244773865,0.10099200904369354,0.9599465727806091
626,0.1071833074092865,0.9570040106773376,0.10321158915758133,0.9579439163208008
627,0.10884925723075867,0.957078218460083,0.10508505254983902,0.9626168012619019
628,0.11248885840177536,0.9546668529510498,0.10658141225576401,0.9602803587913513
629,0.10927034914493561,0.956707239151001,0.10461825877428055,0.9612817168235779
630,0.11226998269557953,0.9564104676246643,0.1038147509098053,0.9592790603637695
631,0.11184588074684143,0.9555943012237549,0.09930314123630524,0.9632843732833862
632,0.10769322514533997,0.9571895003318787,0.09813889116048813,0.9612817168235779
633,0.11109081655740738,0.9560765624046326,0.10982293635606766,0.950600802898407
634,0.11163276433944702,0.9555200934410095,0.1018291488289833,0.9599465727806091
635,0.10836853086948395,0.957597553730011,0.09949168562889099,0.9596128463745117
636,0.11136619001626968,0.9558539986610413,0.10981988906860352,0.9559412598609924
637,0.11016924679279327,0.9551491141319275,0.10053317993879318,0.9622830152511597
638,0.11006487160921097,0.9552233219146729,0.10443497449159622,0.9619492888450623
639,0.1081610918045044,0.9560023546218872,0.10568379610776901,0.958277702331543
640,0.11039231717586517,0.9561878442764282,0.10400156676769257,0.9589452743530273
641,0.11420904844999313,0.9531458616256714,0.10935937613248825,0.9562750458717346
642,0.11282753199338913,0.9541103839874268,0.09685315936803818,0.9639519453048706
643,0.11088918894529343,0.9564475417137146,0.10327081382274628,0.9602803587913513
644,0.11200053244829178,0.9545555710792542,0.100479856133461,0.9626168012619019
645,0.10944611579179764,0.9573378562927246,0.10268208384513855,0.9592790603637695
646,0.11357934027910233,0.9544071555137634,0.10198651999235153,0.9602803587913513
647,0.10869457572698593,0.9558910727500916,0.10732663422822952,0.9556074738502502
648,0.11480842530727386,0.9534426331520081,0.10286907106637955,0.9639519453048706
649,0.11089267581701279,0.9553717374801636,0.10454623401165009,0.9596128463745117
650,0.10773997753858566,0.9571895003318787,0.10269798338413239,0.9609479308128357
651,0.10957828164100647,0.9560765624046326,0.10753317177295685,0.9586114883422852
652,0.10688527673482895,0.957263708114624,0.10201140493154526,0.9606141448020935
653,0.10848992317914963,0.9568555951118469,0.12118463963270187,0.956942617893219
654,0.1174260675907135,0.9537765383720398,0.12143880128860474,0.9492656588554382
655,0.11376182734966278,0.9550007581710815,0.10183829069137573,0.9609479308128357
656,0.10758994519710541,0.9569298028945923,0.09780947118997574,0.962950587272644
657,0.1067415103316307,0.9571524262428284,0.10054269433021545,0.9619492888450623
658,0.1099964827299118,0.9567443132400513,0.0987081378698349,0.9626168012619019
659,0.1109979972243309,0.9561136960983276,0.11006495356559753,0.9542723894119263
660,0.1167088970541954,0.9539991021156311,0.10140139609575272,0.9626168012619019
661,0.10935966670513153,0.9563733339309692,0.10048463940620422,0.9599465727806091
662,0.10888310521841049,0.9562620520591736,0.09808801859617233,0.9609479308128357
663,0.11192713677883148,0.9548152685165405,0.1225689947605133,0.9536048173904419
664,0.11240454763174057,0.9546297788619995,0.10354341566562653,0.9562750458717346
665,0.10922243446111679,0.9557797908782959,0.10171731561422348,0.9609479308128357
666,0.10663025081157684,0.9580798149108887,0.09667185693979263,0.9612817168235779
667,0.10844997316598892,0.956707239151001,0.11421386897563934,0.9636181592941284
668,0.10890424996614456,0.9563733339309692,0.10573800653219223,0.9616155028343201
669,0.10981019586324692,0.9563733339309692,0.09858398139476776,0.9626168012619019
670,0.10748956352472305,0.957263708114624,0.09913327544927597,0.9636181592941284
671,0.11707467585802078,0.9540733098983765,0.13471704721450806,0.9412550330162048
672,0.12239573150873184,0.9508458375930786,0.10389329493045807,0.9596128463745117
673,0.10883775353431702,0.9561878442764282,0.10258583724498749,0.964619517326355
674,0.10941902548074722,0.9567814469337463,0.1019870787858963,0.9599465727806091
675,0.10689805448055267,0.9578201770782471,0.10792050510644913,0.9552736878395081
676,0.10774906724691391,0.9569669365882874,0.10202521085739136,0.9589452743530273
677,0.10744376480579376,0.9571524262428284,0.09873781353235245,0.9619492888450623
678,0.10711709409952164,0.9568555951118469,0.10094935446977615,0.9599465727806091
679,0.10704032331705093,0.9570040106773376,0.10636995732784271,0.9572763442993164
680,0.1063239723443985,0.9581910967826843,0.10228754580020905,0.9616155028343201
681,0.10565093904733658,0.9576717615127563,0.10087771713733673,0.9599465727806091
682,0.12445846199989319,0.9508087038993835,0.10417303442955017,0.9599465727806091
683,0.107205331325531,0.956336259841919,0.09896295517683029,0.9592790603637695
684,0.1097857803106308,0.9561507701873779,0.09583635628223419,0.9636181592941284
685,0.10665198415517807,0.9567814469337463,0.10062876343727112,0.9602803587913513
686,0.10713009536266327,0.9569669365882874,0.10433834791183472,0.9606141448020935
687,0.10940069705247879,0.9566701054573059,0.10310433804988861,0.9579439163208008
688,0.11416111886501312,0.9531087875366211,0.10385937243700027,0.9596128463745117
689,0.11152274161577225,0.9549265503883362,0.09899280220270157,0.9609479308128357
690,0.10871990025043488,0.9561507701873779,0.1011093333363533,0.9602803587913513
691,0.10572949796915054,0.957634687423706,0.10211531072854996,0.9592790603637695
692,0.1067160964012146,0.9573378562927246,0.1063658595085144,0.9602803587913513
693,0.10453130304813385,0.958339512348175,0.09811130166053772,0.9626168012619019
694,0.11365693807601929,0.9545184969902039,0.10250508040189743,0.9596128463745117
695,0.11005137860774994,0.9560023546218872,0.09945940226316452,0.9619492888450623
696,0.10715487599372864,0.95741206407547,0.09830894321203232,0.9612817168235779
697,0.10822894424200058,0.9561507701873779,0.10132108628749847,0.9602803587913513
698,0.10923513025045395,0.9562991261482239,0.11014950275421143,0.9522696733474731
699,0.10954252630472183,0.9550749659538269,0.10742231458425522,0.958277702331543
700,0.11440665274858475,0.9540733098983765,0.11372825503349304,0.9589452743530273
701,0.11626208573579788,0.9536281228065491,0.10178028792142868,0.9596128463745117
702,0.1099187433719635,0.9564104676246643,0.10613864660263062,0.9642857313156128
703,0.10746090114116669,0.9571152925491333,0.10056930035352707,0.964619517326355
704,0.10926274955272675,0.9558539986610413,0.10777374356985092,0.9589452743530273
705,0.10814439505338669,0.95741206407547,0.1015196293592453,0.9616155028343201
706,0.11081476509571075,0.9548523426055908,0.09916290640830994,0.9592790603637695
707,0.11088844388723373,0.9554088115692139,0.10213848203420639,0.9576101303100586
708,0.11067432910203934,0.9555200934410095,0.10166171938180923,0.9599465727806091
709,0.10621653497219086,0.9573007822036743,0.10207760334014893,0.9636181592941284
710,0.10676047950983047,0.9571524262428284,0.10281077772378922,0.9602803587913513
711,0.10546951740980148,0.9573749899864197,0.10531940311193466,0.9576101303100586
712,0.10787486284971237,0.9554830193519592,0.10104889422655106,0.9579439163208008
713,0.1071200892329216,0.9558910727500916,0.10027216374874115,0.9626168012619019
714,0.10882548987865448,0.9571152925491333,0.10227489471435547,0.9576101303100586
715,0.10980769246816635,0.9553346037864685,0.10313742607831955,0.9609479308128357
716,0.11943016201257706,0.9522926211357117,0.10170679539442062,0.9599465727806091
717,0.11576894670724869,0.9532200694084167,0.11188113689422607,0.9572763442993164
718,0.1168842539191246,0.9535168409347534,0.09915031492710114,0.9619492888450623
719,0.1111568808555603,0.9543700814247131,0.10100208967924118,0.9576101303100586
720,0.11256935447454453,0.9550749659538269,0.10024666786193848,0.9602803587913513
721,0.10952604562044144,0.9560394883155823,0.09844012558460236,0.9606141448020935
722,0.10620720684528351,0.95652174949646,0.09987388551235199,0.9612817168235779
723,0.11071642488241196,0.9553717374801636,0.10629985481500626,0.9566088318824768
724,0.10400588065385818,0.9581910967826843,0.09415272623300552,0.9639519453048706
725,0.11609543114900589,0.9534426331520081,0.106472447514534,0.9539386034011841
726,0.10906364023685455,0.9557427167892456,0.09763316810131073,0.9622830152511597
727,0.10903869569301605,0.9561507701873779,0.10432393103837967,0.9599465727806091
728,0.10835108906030655,0.9559652805328369,0.09952206909656525,0.9586114883422852
729,0.10722577571868896,0.9574862718582153,0.10341628640890121,0.9626168012619019
730,0.10619053989648819,0.9562249779701233,0.09928131848573685,0.9622830152511597
731,0.10509014874696732,0.957263708114624,0.0968661978840828,0.9619492888450623
732,0.10779047012329102,0.9558539986610413,0.09612007439136505,0.9612817168235779
733,0.1056467741727829,0.957226574420929,0.09820587188005447,0.9606141448020935
734,0.10385970771312714,0.9567443132400513,0.09979718923568726,0.9579439163208008
735,0.11253464221954346,0.9552233219146729,0.14000658690929413,0.9399198889732361
736,0.11287017911672592,0.9549636244773865,0.1080208495259285,0.9599465727806091
737,0.11083465069532394,0.9546297788619995,0.09712185710668564,0.9619492888450623
738,0.10787593573331833,0.956707239151001,0.10084621608257294,0.9606141448020935
739,0.10687141120433807,0.9569669365882874,0.10350245237350464,0.9596128463745117
740,0.10849440842866898,0.9561507701873779,0.1001642718911171,0.9622830152511597
741,0.11096583306789398,0.9549265503883362,0.10370595008134842,0.9602803587913513
742,0.1098971888422966,0.9557797908782959,0.10045673698186874,0.9606141448020935
743,0.1112697646021843,0.9554830193519592,0.10089754313230515,0.9602803587913513
744,0.10600042343139648,0.9568555951118469,0.10111448168754578,0.9609479308128357
745,0.10764539986848831,0.9569669365882874,0.11189217120409012,0.9562750458717346
746,0.10726509988307953,0.9562249779701233,0.10058367252349854,0.9619492888450623
747,0.10661488771438599,0.95741206407547,0.0983739048242569,0.9626168012619019
748,0.1057097315788269,0.9581169486045837,0.10653689503669739,0.9616155028343201
749,0.11214173585176468,0.9549265503883362,0.09671875834465027,0.9639519453048706
750,0.10651612281799316,0.9568555951118469,0.10356087237596512,0.9566088318824768
751,0.10758302360773087,0.9570410847663879,0.09971616417169571,0.9609479308128357
752,0.10930867493152618,0.9561878442764282,0.09934616833925247,0.9589452743530273
753,0.10671275854110718,0.9577459692955017,0.10677676647901535,0.9576101303100586
754,0.10796767473220825,0.9578943252563477,0.09973932057619095,0.9656208157539368
755,0.1057300791144371,0.957597553730011,0.09691178053617477,0.9609479308128357
756,0.11479775607585907,0.9539248943328857,0.0994081199169159,0.962950587272644
757,0.10544445365667343,0.9581910967826843,0.10099806636571884,0.9586114883422852
758,0.10925433039665222,0.9552975296974182,0.0985923632979393,0.9626168012619019
759,0.10441161692142487,0.9569298028945923,0.10007306933403015,0.9639519453048706
760,0.1116257980465889,0.9548894762992859,0.10540561378002167,0.9566088318824768
761,0.10635290294885635,0.9566701054573059,0.10000710189342499,0.9622830152511597
762,0.10654965043067932,0.9571152925491333,0.10153403878211975,0.9619492888450623
763,0.10693654417991638,0.9582282304763794,0.09667965024709702,0.9619492888450623
764,0.1071133241057396,0.9557427167892456,0.10574045777320862,0.9606141448020935
765,0.10998117923736572,0.9556685090065002,0.12149089574813843,0.9552736878395081
766,0.11019979417324066,0.9554830193519592,0.1064477488398552,0.958277702331543
767,0.10597077012062073,0.9568555951118469,0.10081382095813751,0.9579439163208008
768,0.10192369669675827,0.9590072631835938,0.10268338024616241,0.9589452743530273
769,0.10841205716133118,0.9569669365882874,0.105420783162117,0.9606141448020935
770,0.11387092620134354,0.9544813632965088,0.11574135720729828,0.9576101303100586
771,0.10633990168571472,0.9578943252563477,0.10410380363464355,0.9572763442993164
772,0.11457975953817368,0.9543330073356628,0.11262957006692886,0.9552736878395081
773,0.10826191306114197,0.9571895003318787,0.10038843005895615,0.9606141448020935
774,0.11014895141124725,0.9546668529510498,0.11395768076181412,0.9546061158180237
775,0.1117715984582901,0.9559652805328369,0.09929906576871872,0.956942617893219
776,0.10501855611801147,0.957597553730011,0.108388751745224,0.9549399018287659
777,0.1105247288942337,0.9555943012237549,0.10823442786931992,0.9539386034011841
778,0.11431742459535599,0.9537765383720398,0.10482554137706757,0.9609479308128357
779,0.10803574323654175,0.9562991261482239,0.10205800086259842,0.9609479308128357
780,0.10402630269527435,0.9588959813117981,0.0962541401386261,0.962950587272644
781,0.10516029596328735,0.9569669365882874,0.09777998924255371,0.9636181592941284
782,0.10447026044130325,0.957597553730011,0.10183060169219971,0.9616155028343201
783,0.10991954058408737,0.956336259841919,0.09868357330560684,0.9616155028343201
784,0.10193611681461334,0.9586734175682068,0.09940152615308762,0.958277702331543
785,0.10432282090187073,0.957226574420929,0.10677037388086319,0.9539386034011841
786,0.10653465986251831,0.9569298028945923,0.0986219123005867,0.9636181592941284
787,0.10685746371746063,0.9567814469337463,0.11144201457500458,0.9609479308128357
788,0.10777860879898071,0.9561136960983276,0.1002701073884964,0.9619492888450623
789,0.10469955950975418,0.9564846158027649,0.0977032482624054,0.9609479308128357
790,0.11097577959299088,0.9556313753128052,0.11363095045089722,0.9586114883422852
791,0.10601399093866348,0.9566701054573059,0.12220613658428192,0.9472630023956299
792,0.10330742597579956,0.9586362838745117,0.09536628425121307,0.9619492888450623
793,0.10654755681753159,0.9573378562927246,0.09861250221729279,0.9602803587913513
794,0.10699207335710526,0.9578201770782471,0.09752219915390015,0.9632843732833862
795,0.10472796857357025,0.9562249779701233,0.10217626392841339,0.9586114883422852
796,0.10354798287153244,0.9578943252563477,0.09797679632902145,0.9626168012619019
797,0.10789921879768372,0.9573007822036743,0.0988706573843956,0.9609479308128357
798,0.10877751559019089,0.9563733339309692,0.09672645479440689,0.9619492888450623
799,0.10358312726020813,0.9590814709663391,0.09524424374103546,0.9639519453048706
800,0.10397664457559586,0.9574862718582153,0.10380126535892487,0.9599465727806091
801,0.11111320555210114,0.9557055830955505,0.10838831216096878,0.9592790603637695
802,0.10695270448923111,0.9566701054573059,0.09677504748106003,0.9632843732833862
803,0.10211216658353806,0.9596750140190125,0.10039855539798737,0.9576101303100586
804,0.10723848640918732,0.9558168649673462,0.10063782334327698,0.9612817168235779
805,0.10330384224653244,0.957968533039093,0.09501470625400543,0.9626168012619019
806,0.10505468398332596,0.957783043384552,0.0982804223895073,0.9632843732833862
807,0.10807909816503525,0.9573007822036743,0.10170843452215195,0.9619492888450623
808,0.10426635295152664,0.9577088356018066,0.10071339458227158,0.9606141448020935
809,0.10499785095453262,0.9571152925491333,0.10503867268562317,0.9592790603637695
810,0.1039615049958229,0.9577088356018066,0.09764507412910461,0.9599465727806091
811,0.1066673994064331,0.9577459692955017,0.09763233363628387,0.9599465727806091
812,0.10693049430847168,0.9566701054573059,0.09886986017227173,0.9596128463745117
813,0.10619427263736725,0.957449197769165,0.09966465830802917,0.9616155028343201
814,0.10625489801168442,0.956336259841919,0.10829028487205505,0.9542723894119263
815,0.10748179256916046,0.9560394883155823,0.09845750778913498,0.9602803587913513
816,0.11070814728736877,0.9543700814247131,0.11633362621068954,0.958277702331543
817,0.10957260429859161,0.9552233219146729,0.1017211452126503,0.9622830152511597
818,0.1019759327173233,0.9586362838745117,0.09508545696735382,0.9639519453048706
819,0.10424739122390747,0.957968533039093,0.09873749315738678,0.9596128463745117
820,0.10842323303222656,0.9560023546218872,0.09743888676166534,0.9612817168235779
821,0.10187073051929474,0.9588959813117981,0.10522507131099701,0.956942617893219
822,0.10338403284549713,0.957449197769165,0.10003680735826492,0.9592790603637695
823,0.10487060993909836,0.957634687423706,0.09525914490222931,0.9619492888450623
824,0.10721954703330994,0.9565588235855103,0.1027749553322792,0.9636181592941284
825,0.10584349185228348,0.9569298028945923,0.09744163602590561,0.964619517326355
826,0.10847893357276917,0.9561878442764282,0.10004625469446182,0.9606141448020935
827,0.1058616042137146,0.957968533039093,0.09739473462104797,0.9609479308128357
828,0.10350952297449112,0.9581910967826843,0.09746843576431274,0.9626168012619019
829,0.10561110079288483,0.9568185210227966,0.09685219079256058,0.9606141448020935
830,0.10197436064481735,0.9588217735290527,0.09906698763370514,0.9616155028343201
831,0.10355506837368011,0.9580427408218384,0.10197330266237259,0.9586114883422852
832,0.10405511409044266,0.9588217735290527,0.09717452526092529,0.9609479308128357
833,0.10444039851427078,0.9579314589500427,0.09691860526800156,0.9636181592941284
834,0.10489484667778015,0.9577088356018066,0.09514681249856949,0.9632843732833862
835,0.1019788309931755,0.9591185450553894,0.1050320491194725,0.9599465727806091
836,0.10273522138595581,0.9582282304763794,0.10270116478204727,0.9592790603637695
837,0.10549420118331909,0.956892728805542,0.09709657728672028,0.962950587272644
838,0.10602030158042908,0.9578943252563477,0.09951470792293549,0.9626168012619019
839,0.10805650055408478,0.9562991261482239,0.10092751681804657,0.9599465727806091
840,0.10287176072597504,0.9591927528381348,0.09885845333337784,0.9626168012619019
841,0.10380472242832184,0.9581169486045837,0.10354364663362503,0.9606141448020935
842,0.11287640780210495,0.9539991021156311,0.10916117578744888,0.9572763442993164
843,0.10480677336454391,0.9578201770782471,0.10441368073225021,0.958277702331543
844,0.10392691195011139,0.9575233459472656,0.10070225596427917,0.9616155028343201
845,0.11084649711847305,0.9552603960037231,0.11080777645111084,0.9589452743530273
846,0.10732230544090271,0.9566701054573059,0.099355049431324,0.9619492888450623
847,0.10711241513490677,0.957263708114624,0.10246948897838593,0.9599465727806091
848,0.11161896586418152,0.9550749659538269,0.09814827889204025,0.9632843732833862
849,0.1047910526394844,0.9580798149108887,0.11388935148715973,0.9576101303100586
850,0.103629469871521,0.9583024382591248,0.0972900390625,0.9619492888450623
851,0.10099248588085175,0.9594524502754211,0.09911230206489563,0.9626168012619019
852,0.10202250629663467,0.9587475657463074,0.0941045954823494,0.9639519453048706
853,0.10257074236869812,0.9583765864372253,0.1018705666065216,0.9612817168235779
854,0.10426628589630127,0.9561507701873779,0.09921318292617798,0.9612817168235779
855,0.1045970767736435,0.9571152925491333,0.09801924228668213,0.9622830152511597
856,0.10300545394420624,0.9578572511672974,0.09727545082569122,0.9632843732833862
857,0.10417406260967255,0.9580427408218384,0.09888438135385513,0.9612817168235779
858,0.10214100778102875,0.9583765864372253,0.09601403772830963,0.9612817168235779
859,0.10827478021383286,0.956707239151001,0.10391848534345627,0.9576101303100586
860,0.10608576983213425,0.9571524262428284,0.11925572901964188,0.9522696733474731
861,0.11205068230628967,0.9557797908782959,0.10324418544769287,0.9602803587913513
862,0.10803154855966568,0.9560394883155823,0.10306796431541443,0.9626168012619019
863,0.10369159281253815,0.9575233459472656,0.09944949299097061,0.962950587272644
864,0.10441356897354126,0.9579314589500427,0.09446758031845093,0.9632843732833862
865,0.10049133747816086,0.9598976373672485,0.09990084171295166,0.9596128463745117
866,0.10741438716650009,0.9567814469337463,0.10657723993062973,0.9589452743530273
867,0.10804695636034012,0.9560023546218872,0.10671447962522507,0.9572763442993164
868,0.10634902864694595,0.9571152925491333,0.09550569951534271,0.9636181592941284
869,0.1031748354434967,0.9582653045654297,0.1052347868680954,0.9602803587913513
870,0.10241328924894333,0.9580798149108887,0.0984901487827301,0.9619492888450623
871,0.10141861438751221,0.9592669606208801,0.09564711898565292,0.9616155028343201
872,0.10751200467348099,0.9565959572792053,0.10031231492757797,0.9592790603637695
873,0.10209506750106812,0.9596750140190125,0.10241670906543732,0.9619492888450623
874,0.10220348089933395,0.9576717615127563,0.1035008430480957,0.9609479308128357
875,0.10469377785921097,0.957226574420929,0.09723751246929169,0.9606141448020935
876,0.1033688485622406,0.9574862718582153,0.10200420767068863,0.9599465727806091
877,0.10578090697526932,0.9568555951118469,0.097548708319664,0.9636181592941284
878,0.10423741489648819,0.9574862718582153,0.10206620395183563,0.958277702331543
879,0.10282231867313385,0.9589330554008484,0.0961383804678917,0.9626168012619019
880,0.10422712564468384,0.9577459692955017,0.0963677242398262,0.9649532437324524
881,0.10329777747392654,0.9588959813117981,0.10229506343603134,0.956942617893219
882,0.11758571863174438,0.952552318572998,0.10386388003826141,0.9586114883422852
883,0.10446130484342575,0.958154022693634,0.10299809277057648,0.9592790603637695
884,0.10436419397592545,0.9569669365882874,0.09610147029161453,0.9626168012619019
885,0.10174981504678726,0.9597121477127075,0.09440171718597412,0.9616155028343201
886,0.10222650319337845,0.9585992097854614,0.09839186817407608,0.9596128463745117
887,0.0998535305261612,0.9597862958908081,0.09743213653564453,0.9579439163208008
888,0.10813290625810623,0.9552975296974182,0.10259585082530975,0.958277702331543
889,0.10808701813220978,0.9566330313682556,0.09855329245328903,0.9596128463745117
890,0.10432981699705124,0.957968533039093,0.0983242318034172,0.9602803587913513
891,0.1019698828458786,0.9584507942199707,0.10063823312520981,0.9559412598609924
892,0.10104437917470932,0.9594153165817261,0.098470039665699,0.958277702331543
893,0.1049342080950737,0.9578201770782471,0.09708304703235626,0.9602803587913513
894,0.10461774468421936,0.9573378562927246,0.09451259672641754,0.9626168012619019
895,0.11261697858572006,0.9548523426055908,0.10215210914611816,0.9602803587913513
896,0.1043529212474823,0.957078218460083,0.09670473635196686,0.9612817168235779
897,0.10405772179365158,0.9571152925491333,0.0971674993634224,0.9616155028343201
898,0.10194793343544006,0.9588959813117981,0.09643876552581787,0.9622830152511597
899,0.10360061377286911,0.9578201770782471,0.09510403871536255,0.9642857313156128
900,0.09949158132076263,0.9591556787490845,0.09624079614877701,0.9619492888450623
901,0.1020759791135788,0.9588959813117981,0.0955069437623024,0.9619492888450623
902,0.10008088499307632,0.9584137201309204,0.09511313587427139,0.9632843732833862
903,0.10204631835222244,0.9592669606208801,0.09394054859876633,0.9632843732833862
904,0.10253560543060303,0.9574862718582153,0.09604866057634354,0.964619517326355
905,0.09926294535398483,0.9594153165817261,0.09569844603538513,0.962950587272644
906,0.10283700376749039,0.9580798149108887,0.10227717459201813,0.9586114883422852
907,0.1061355322599411,0.957226574420929,0.1073080524802208,0.9546061158180237
908,0.11127123236656189,0.9561136960983276,0.09973882138729095,0.9612817168235779
909,0.10099256038665771,0.9586362838745117,0.09682489931583405,0.9616155028343201
910,0.10418347269296646,0.957968533039093,0.09924382716417313,0.9619492888450623
911,0.10380043834447861,0.957783043384552,0.09866834431886673,0.9572763442993164
912,0.10751084983348846,0.9562991261482239,0.10028672963380814,0.9572763442993164
913,0.10425262898206711,0.9580056667327881,0.10635780543088913,0.958277702331543
914,0.1069689691066742,0.957078218460083,0.10082614421844482,0.9616155028343201
915,0.10695682466030121,0.957449197769165,0.09964454919099808,0.9596128463745117
916,0.10445345938205719,0.9578572511672974,0.10860065370798111,0.9572763442993164
917,0.10383319109678268,0.9573007822036743,0.09916986525058746,0.9586114883422852
918,0.10636284202337265,0.9571524262428284,0.09960924088954926,0.9649532437324524
919,0.10320888459682465,0.957263708114624,0.1006702184677124,0.9592790603637695
920,0.10489848256111145,0.956892728805542,0.0972125306725502,0.9622830152511597
921,0.10291439294815063,0.958154022693634,0.10204644501209259,0.9609479308128357
922,0.10658223927021027,0.9565588235855103,0.09989818930625916,0.9622830152511597
923,0.10424883663654327,0.9568185210227966,0.09679044783115387,0.9622830152511597
924,0.11798372864723206,0.9539991021156311,0.12219953536987305,0.958277702331543
925,0.10765975713729858,0.9564475417137146,0.09936060011386871,0.9612817168235779
926,0.10341120511293411,0.9583024382591248,0.09597618132829666,0.9639519453048706
927,0.1053900420665741,0.9564475417137146,0.09747810661792755,0.9609479308128357
928,0.10269148647785187,0.9584879279136658,0.09750737249851227,0.9612817168235779
929,0.10155137628316879,0.9590072631835938,0.10749756544828415,0.9536048173904419
930,0.1030280739068985,0.9581910967826843,0.10167095810174942,0.9612817168235779
931,0.10228385776281357,0.9587846994400024,0.09865070134401321,0.9622830152511597
932,0.10165075957775116,0.9591185450553894,0.09555274993181229,0.9642857313156128
933,0.10178161412477493,0.9581169486045837,0.09720572829246521,0.9616155028343201
934,0.09955914318561554,0.9604540467262268,0.09562660753726959,0.962950587272644
935,0.10038606822490692,0.9590443968772888,0.09968932718038559,0.9599465727806091
936,0.10856818407773972,0.9556685090065002,0.1048387661576271,0.9612817168235779
937,0.10181151330471039,0.9587104916572571,0.09593361616134644,0.9619492888450623
938,0.10168009251356125,0.9588589072227478,0.09677553921937943,0.9612817168235779
939,0.10284155607223511,0.9587846994400024,0.10918248444795609,0.9522696733474731
940,0.10299315303564072,0.9588959813117981,0.09624402970075607,0.9602803587913513
941,0.09959094226360321,0.9589701890945435,0.09614815562963486,0.9616155028343201
942,0.10012417286634445,0.9583024382591248,0.1050712987780571,0.9602803587913513
943,0.1076485738158226,0.9568555951118469,0.10107694566249847,0.9589452743530273
944,0.10476801544427872,0.9573749899864197,0.09597942978143692,0.9619492888450623
945,0.1032501757144928,0.9574862718582153,0.09577543288469315,0.9642857313156128
946,0.10137677937746048,0.9580798149108887,0.09514163434505463,0.9609479308128357
947,0.10634184628725052,0.9566701054573059,0.09727955609560013,0.9639519453048706
948,0.10205848515033722,0.9585992097854614,0.09672123938798904,0.964619517326355
949,0.09958098083734512,0.9603056907653809,0.09150722622871399,0.9636181592941284
950,0.10365504026412964,0.9576717615127563,0.09658005833625793,0.9652870297431946
951,0.10182568430900574,0.9586362838745117,0.09813157469034195,0.9606141448020935
952,0.10465414822101593,0.957597553730011,0.09550736844539642,0.962950587272644
953,0.09978839010000229,0.9588959813117981,0.09483940154314041,0.9626168012619019
954,0.1023174449801445,0.9589330554008484,0.0955808088183403,0.962950587272644
955,0.10560136288404465,0.956892728805542,0.10434240847826004,0.9596128463745117
956,0.102582186460495,0.9588589072227478,0.09713015705347061,0.9616155028343201
957,0.1073688268661499,0.9560765624046326,0.10020104795694351,0.9632843732833862
958,0.10233529657125473,0.9584137201309204,0.0949917882680893,0.9576101303100586
959,0.10123761743307114,0.9591927528381348,0.10134875774383545,0.9596128463745117
960,0.10150498896837234,0.9587475657463074,0.10167758911848068,0.9609479308128357
961,0.10033966600894928,0.9597121477127075,0.10000396519899368,0.9616155028343201
962,0.10119248181581497,0.9591927528381348,0.11966924369335175,0.9462617039680481
963,0.10766585916280746,0.9553346037864685,0.09586198627948761,0.9636181592941284
964,0.10088682919740677,0.9584879279136658,0.09562154114246368,0.9619492888450623
965,0.10409815609455109,0.957078218460083,0.10000179708003998,0.9612817168235779
966,0.11424163728952408,0.9546297788619995,0.1369468867778778,0.9455941319465637
967,0.11174020916223526,0.9560394883155823,0.10038723796606064,0.9612817168235779
968,0.10126081854104996,0.9584137201309204,0.10091707855463028,0.9606141448020935
969,0.10172174125909805,0.9593782424926758,0.09568537026643753,0.9626168012619019
970,0.09937366098165512,0.9594524502754211,0.09851265698671341,0.9602803587913513
971,0.10279100388288498,0.9581910967826843,0.09695232659578323,0.9612817168235779
972,0.10432655364274979,0.9573749899864197,0.0989617332816124,0.9622830152511597
973,0.10169310867786407,0.9588589072227478,0.09351886808872223,0.962950587272644
974,0.10197082906961441,0.9580427408218384,0.09980832040309906,0.9602803587913513
975,0.1013060063123703,0.9591927528381348,0.09718874841928482,0.9599465727806091
976,0.10127252340316772,0.9590072631835938,0.0976298600435257,0.9632843732833862
977,0.1029367446899414,0.9576717615127563,0.10703196376562119,0.9589452743530273
978,0.10706375539302826,0.9573378562927246,0.10428103804588318,0.9626168012619019
979,0.10707639902830124,0.9566701054573059,0.10894297808408737,0.9589452743530273
980,0.1038375049829483,0.9574862718582153,0.10717687010765076,0.956942617893219
981,0.10202381014823914,0.9584137201309204,0.09673802554607391,0.9636181592941284
982,0.09979331493377686,0.9585992097854614,0.09880216419696808,0.9619492888450623
983,0.09886855632066727,0.9589330554008484,0.10071208328008652,0.9639519453048706
984,0.1016455888748169,0.9589330554008484,0.09956256300210953,0.9609479308128357
985,0.10319100320339203,0.9580427408218384,0.10694937407970428,0.9596128463745117
986,0.10512035340070724,0.957783043384552,0.10060533136129379,0.9619492888450623
987,0.10158829391002655,0.9584507942199707,0.09538622200489044,0.9622830152511597
988,0.09774672240018845,0.9602685570716858,0.09433186054229736,0.9642857313156128
989,0.1014246940612793,0.9582282304763794,0.09479594975709915,0.9622830152511597
990,0.10090886801481247,0.9585250020027161,0.10021869838237762,0.9602803587913513
991,0.10153686255216599,0.9593782424926758,0.10679376870393753,0.9579439163208008
992,0.10474788397550583,0.9579314589500427,0.09635739028453827,0.9616155028343201
993,0.10384910553693771,0.9575604796409607,0.11531621962785721,0.9559412598609924
994,0.10695355385541916,0.9553346037864685,0.09497231245040894,0.9632843732833862
995,0.10623130202293396,0.957226574420929,0.11447255313396454,0.9542723894119263
996,0.10956331342458725,0.9562620520591736,0.09702279418706894,0.9612817168235779
997,0.10129112750291824,0.9597121477127075,0.0960841178894043,0.9619492888450623
998,0.0984221026301384,0.9602314829826355,0.09640108793973923,0.9619492888450623
999,0.10320460796356201,0.957597553730011,0.09914655983448029,0.9602803587913513
1000,0.09935139864683151,0.9591556787490845,0.0951298177242279,0.9649532437324524
1001,0.105292409658432,0.9578201770782471,0.09706023335456848,0.9616155028343201
1002,0.09996600449085236,0.9604169726371765,0.09578114002943039,0.9636181592941284
1003,0.10312622040510178,0.9582653045654297,0.1019253209233284,0.9622830152511597
1004,0.10275409370660782,0.9587846994400024,0.10007474571466446,0.9609479308128357
1005,0.10457626730203629,0.9586734175682068,0.10503870993852615,0.9586114883422852
1006,0.1039481908082962,0.9560765624046326,0.1446799486875534,0.9559412598609924
1007,0.10736915469169617,0.9562620520591736,0.0947156623005867,0.9639519453048706
1008,0.10284966230392456,0.9577459692955017,0.10466533154249191,0.9579439163208008
1009,0.10295557975769043,0.9590814709663391,0.10051575303077698,0.9632843732833862
1010,0.10010825842618942,0.9588959813117981,0.09576728940010071,0.9632843732833862
1011,0.1074778363108635,0.9555572271347046,0.10031860321760178,0.9596128463745117
1012,0.10079536586999893,0.9584137201309204,0.09861156344413757,0.9589452743530273
1013,0.10058857500553131,0.9585250020027161,0.09457328915596008,0.9639519453048706
1014,0.10425832122564316,0.9577459692955017,0.09962974488735199,0.9592790603637695
1015,0.10135626047849655,0.9585620760917664,0.09978032112121582,0.9599465727806091
1016,0.10018520057201385,0.9588589072227478,0.09715215861797333,0.9619492888450623
1017,0.10059820860624313,0.9592669606208801,0.09224729239940643,0.9622830152511597
1018,0.09905427694320679,0.9602314829826355,0.10329887270927429,0.9579439163208008
1019,0.10086264461278915,0.957634687423706,0.10166576504707336,0.9612817168235779
1020,0.10119607299566269,0.9590072631835938,0.09557559341192245,0.9619492888450623
1021,0.09852898865938187,0.9591556787490845,0.0961996391415596,0.9626168012619019
1022,0.10598195344209671,0.9561136960983276,0.11432045698165894,0.9546061158180237
1023,0.10286311060190201,0.9564104676246643,0.09560923278331757,0.9622830152511597
1024,0.10455770045518875,0.9566330313682556,0.09757110476493835,0.9636181592941284
1025,0.09769318997859955,0.9596750140190125,0.09562458097934723,0.9602803587913513
1026,0.09892114996910095,0.9595637321472168,0.09266693890094757,0.9626168012619019
1027,0.10272078961133957,0.9588217735290527,0.09562326222658157,0.9606141448020935
1028,0.10668802261352539,0.9569669365882874,0.10949479788541794,0.9556074738502502
1029,0.1024993285536766,0.9590443968772888,0.10423767566680908,0.9522696733474731
1030,0.10295293480157852,0.9590072631835938,0.10721442103385925,0.9572763442993164
1031,0.10247962176799774,0.9578943252563477,0.10089712589979172,0.9599465727806091
1032,0.10426892340183258,0.957078218460083,0.09871958941221237,0.9619492888450623
1033,0.102232426404953,0.9585620760917664,0.09527449309825897,0.9619492888450623
1034,0.09915336966514587,0.9597862958908081,0.09410864114761353,0.9636181592941284
1035,0.10024522989988327,0.9583024382591248,0.10041176527738571,0.958277702331543
1036,0.10935713350772858,0.9563733339309692,0.17760777473449707,0.9185580611228943
1037,0.14962904155254364,0.9472473859786987,0.096648208796978,0.9622830152511597
1038,0.10213761031627655,0.9581910967826843,0.09540075063705444,0.9639519453048706
1039,0.09838715195655823,0.9599347114562988,0.09451371431350708,0.9622830152511597
1040,0.1023806482553482,0.9578943252563477,0.1060810387134552,0.9599465727806091
1041,0.09890182316303253,0.9600831270217896,0.09481797367334366,0.965954601764679
1042,0.09951750189065933,0.9598234295845032,0.09785594791173935,0.9606141448020935
1043,0.1006912961602211,0.9594524502754211,0.10083019733428955,0.9599465727806091
1044,0.10018797218799591,0.9585992097854614,0.09695052355527878,0.9626168012619019
1045,0.10019224882125854,0.9593040347099304,0.09621047228574753,0.9619492888450623
1046,0.10179370641708374,0.957968533039093,0.105593740940094,0.9586114883422852
1047,0.10365702956914902,0.9562620520591736,0.0955280140042305,0.9632843732833862
1048,0.0972798764705658,0.9601202011108398,0.10230745375156403,0.958277702331543
1049,0.10300520062446594,0.9587846994400024,0.09836763888597488,0.9596128463745117
1050,0.10212571918964386,0.958339512348175,0.09500044584274292,0.962950587272644
1051,0.10221178084611893,0.957968533039093,0.10843608528375626,0.9552736878395081
1052,0.1039506271481514,0.9593411684036255,0.10908113420009613,0.9599465727806091
1053,0.10243865102529526,0.9597492218017578,0.0961180329322815,0.9612817168235779
1054,0.10049419105052948,0.9593411684036255,0.09774503111839294,0.9589452743530273
1055,0.1021256372332573,0.9582282304763794,0.09486236423254013,0.9622830152511597
1056,0.09903744608163834,0.9604540467262268,0.09781502187252045,0.9619492888450623
1057,0.10197170823812485,0.9599347114562988,0.09579993039369583,0.9642857313156128
1058,0.09971384704113007,0.9594153165817261,0.09649161249399185,0.9616155028343201
1059,0.101481132209301,0.958339512348175,0.09677451103925705,0.9649532437324524
1060,0.1003023087978363,0.9598234295845032,0.09541738778352737,0.962950587272644
1061,0.1036820039153099,0.9575604796409607,0.09523335844278336,0.9626168012619019
1062,0.09797811508178711,0.9602314829826355,0.10435999929904938,0.9586114883422852
1063,0.09942655265331268,0.9591185450553894,0.09334825724363327,0.9616155028343201
1064,0.10635270178318024,0.956707239151001,0.10000550001859665,0.9632843732833862
1065,0.09938767552375793,0.9590814709663391,0.09675879031419754,0.9599465727806091
1066,0.11156486719846725,0.9542958736419678,0.10746461898088455,0.9609479308128357
1067,0.10431371629238129,0.95741206407547,0.09743112325668335,0.9596128463745117
1068,0.09952082484960556,0.958339512348175,0.0969352126121521,0.9619492888450623
1069,0.10032390803098679,0.9591927528381348,0.09967071563005447,0.9602803587913513
1070,0.10027529299259186,0.9596379399299622,0.09655812382698059,0.9636181592941284
1071,0.10195693373680115,0.9586734175682068,0.10438854247331619,0.956942617893219
1072,0.09969691932201385,0.9593040347099304,0.0946890264749527,0.962950587272644
1073,0.10473829507827759,0.9571524262428284,0.09820695966482162,0.9599465727806091
1074,0.09936419129371643,0.9593782424926758,0.10107158124446869,0.9622830152511597
1075,0.09826914966106415,0.9604911804199219,0.09713301062583923,0.9589452743530273
1076,0.10112588107585907,0.9592669606208801,0.09666121006011963,0.9626168012619019
1077,0.09880107641220093,0.9584137201309204,0.09594477713108063,0.9616155028343201
1078,0.10536335408687592,0.957968533039093,0.09482690691947937,0.9632843732833862
1079,0.10183454304933548,0.9577088356018066,0.09792172908782959,0.9642857313156128
1080,0.09897956997156143,0.9598234295845032,0.09542049467563629,0.9626168012619019
1081,0.10016433149576187,0.9597492218017578,0.09778514504432678,0.9612817168235779
1082,0.10026472806930542,0.9583765864372253,0.09458687156438828,0.9606141448020935
1083,0.10530373454093933,0.957634687423706,0.09552590548992157,0.9599465727806091
1084,0.10024765133857727,0.9587846994400024,0.0968204215168953,0.9639519453048706
1085,0.10160530358552933,0.9591556787490845,0.10030762106180191,0.9586114883422852
1086,0.10080907493829727,0.9596008062362671,0.09538770467042923,0.9626168012619019
1087,0.09929466992616653,0.9592669606208801,0.09451434761285782,0.9612817168235779
1088,0.10004112124443054,0.9594524502754211,0.09950970113277435,0.9619492888450623
1089,0.10282882302999496,0.9575604796409607,0.1238807886838913,0.9546061158180237
1090,0.10285843163728714,0.9585620760917664,0.0946354791522026,0.9616155028343201
1091,0.0995582789182663,0.9601572751998901,0.09502307325601578,0.9626168012619019
1092,0.1060904711484909,0.9561136960983276,0.10057039558887482,0.9616155028343201
1093,0.102890744805336,0.9593411684036255,0.09354725480079651,0.9626168012619019
1094,0.10106026381254196,0.9590443968772888,0.09830930829048157,0.9596128463745117
1095,0.10078319907188416,0.9591927528381348,0.0983525738120079,0.9626168012619019
1096,0.09954206645488739,0.9592298269271851,0.09585787355899811,0.9626168012619019
1097,0.10102467983961105,0.9593040347099304,0.10126817226409912,0.9589452743530273
1098,0.0992085188627243,0.9602685570716858,0.09732377529144287,0.9619492888450623
1099,0.11788728088140488,0.953071653842926,0.18181347846984863,0.9272363185882568
